rank	token_id	decoded	count	share_pct	status	compat_popcount	signature
1	1278	'the'	158354	0.0158	text	28	en,cs,da,de,es,fr,hu,id,it,nl,pl,pt,sv,tr,vi,ro,sr-Latn,az,fi,nb,sl,hr,sk,et,lt,…
2	1307	'of'	143922	0.0143	text	28	en,cs,da,de,es,fr,hu,id,it,nl,pl,pt,sv,tr,vi,ro,sr-Latn,az,fi,nb,sl,hr,sk,et,lt,…
3	1321	'and'	93218	0.0093	text	28	en,cs,da,de,es,fr,hu,id,it,nl,pl,pt,sv,tr,vi,ro,sr-Latn,az,fi,nb,sl,hr,sk,et,lt,…
4	1359	'C'	90879	0.0091	text	28	en,cs,da,de,es,fr,hu,id,it,nl,pl,pt,sv,tr,vi,ro,sr-Latn,az,fi,nb,sl,hr,sk,et,lt,…
5	1349	'A'	76421	0.0076	text	28	en,cs,da,de,es,fr,hu,id,it,nl,pl,pt,sv,tr,vi,ro,sr-Latn,az,fi,nb,sl,hr,sk,et,lt,…
6	1353	'T'	72871	0.0073	text	28	en,cs,da,de,es,fr,hu,id,it,nl,pl,pt,sv,tr,vi,ro,sr-Latn,az,fi,nb,sl,hr,sk,et,lt,…
7	1111	'o'	71762	0.0072	text	28	en,cs,da,de,es,fr,hu,id,it,nl,pl,pt,sv,tr,vi,ro,sr-Latn,az,fi,nb,sl,hr,sk,et,lt,…
8	1398	'B'	69580	0.0069	text	28	en,cs,da,de,es,fr,hu,id,it,nl,pl,pt,sv,tr,vi,ro,sr-Latn,az,fi,nb,sl,hr,sk,et,lt,…
9	1335	'S'	68840	0.0069	text	28	en,cs,da,de,es,fr,hu,id,it,nl,pl,pt,sv,tr,vi,ro,sr-Latn,az,fi,nb,sl,hr,sk,et,lt,…
10	1550	'K'	68667	0.0068	text	28	en,cs,da,de,es,fr,hu,id,it,nl,pl,pt,sv,tr,vi,ro,sr-Latn,az,fi,nb,sl,hr,sk,et,lt,…
11	1407	'D'	67998	0.0068	text	28	en,cs,da,de,es,fr,hu,id,it,nl,pl,pt,sv,tr,vi,ro,sr-Latn,az,fi,nb,sl,hr,sk,et,lt,…
12	1439	'F'	67763	0.0068	text	28	en,cs,da,de,es,fr,hu,id,it,nl,pl,pt,sv,tr,vi,ro,sr-Latn,az,fi,nb,sl,hr,sk,et,lt,…
13	1373	'M'	65900	0.0066	text	28	en,cs,da,de,es,fr,hu,id,it,nl,pl,pt,sv,tr,vi,ro,sr-Latn,az,fi,nb,sl,hr,sk,et,lt,…
14	1317	'to'	63880	0.0064	text	28	en,cs,da,de,es,fr,hu,id,it,nl,pl,pt,sv,tr,vi,ro,sr-Latn,az,fi,nb,sl,hr,sk,et,lt,…
15	1424	'L'	63377	0.0063	text	28	en,cs,da,de,es,fr,hu,id,it,nl,pl,pt,sv,tr,vi,ro,sr-Latn,az,fi,nb,sl,hr,sk,et,lt,…
16	1294	'in'	63205	0.0063	text	28	en,cs,da,de,es,fr,hu,id,it,nl,pl,pt,sv,tr,vi,ro,sr-Latn,az,fi,nb,sl,hr,sk,et,lt,…
17	1870	'gr'	60874	0.0061	text	28	en,cs,da,de,es,fr,hu,id,it,nl,pl,pt,sv,tr,vi,ro,sr-Latn,az,fi,nb,sl,hr,sk,et,lt,…
18	1531	'The'	59539	0.0059	text	28	en,cs,da,de,es,fr,hu,id,it,nl,pl,pt,sv,tr,vi,ro,sr-Latn,az,fi,nb,sl,hr,sk,et,lt,…
19	1461	'G'	58960	0.0059	text	28	en,cs,da,de,es,fr,hu,id,it,nl,pl,pt,sv,tr,vi,ro,sr-Latn,az,fi,nb,sl,hr,sk,et,lt,…
20	1390	'P'	58864	0.0059	text	28	en,cs,da,de,es,fr,hu,id,it,nl,pl,pt,sv,tr,vi,ro,sr-Latn,az,fi,nb,sl,hr,sk,et,lt,…
21	1443	'H'	56553	0.0056	text	28	en,cs,da,de,es,fr,hu,id,it,nl,pl,pt,sv,tr,vi,ro,sr-Latn,az,fi,nb,sl,hr,sk,et,lt,…
22	2354	'.com'	56470	0.0056	text	28	en,cs,da,de,es,fr,hu,id,it,nl,pl,pt,sv,tr,vi,ro,sr-Latn,az,fi,nb,sl,hr,sk,et,lt,…
23	1115	's'	55954	0.0056	text	28	en,cs,da,de,es,fr,hu,id,it,nl,pl,pt,sv,tr,vi,ro,sr-Latn,az,fi,nb,sl,hr,sk,et,lt,…
24	1436	'E'	55169	0.0055	text	28	en,cs,da,de,es,fr,hu,id,it,nl,pl,pt,sv,tr,vi,ro,sr-Latn,az,fi,nb,sl,hr,sk,et,lt,…
25	1261	'a'	54377	0.0054	text	28	en,cs,da,de,es,fr,hu,id,it,nl,pl,pt,sv,tr,vi,ro,sr-Latn,az,fi,nb,sl,hr,sk,et,lt,…
26	1065	'A'	53028	0.0053	text	28	en,cs,da,de,es,fr,hu,id,it,nl,pl,pt,sv,tr,vi,ro,sr-Latn,az,fi,nb,sl,hr,sk,et,lt,…
27	1434	'R'	51304	0.0051	text	28	en,cs,da,de,es,fr,hu,id,it,nl,pl,pt,sv,tr,vi,ro,sr-Latn,az,fi,nb,sl,hr,sk,et,lt,…
28	1259	'in'	51285	0.0051	text	28	en,cs,da,de,es,fr,hu,id,it,nl,pl,pt,sv,tr,vi,ro,sr-Latn,az,fi,nb,sl,hr,sk,et,lt,…
29	1072	'H'	50134	0.0050	text	28	en,cs,da,de,es,fr,hu,id,it,nl,pl,pt,sv,tr,vi,ro,sr-Latn,az,fi,nb,sl,hr,sk,et,lt,…
30	1581	'V'	47548	0.0047	text	28	en,cs,da,de,es,fr,hu,id,it,nl,pl,pt,sv,tr,vi,ro,sr-Latn,az,fi,nb,sl,hr,sk,et,lt,…
31	1105	'i'	45999	0.0046	text	28	en,cs,da,de,es,fr,hu,id,it,nl,pl,pt,sv,tr,vi,ro,sr-Latn,az,fi,nb,sl,hr,sk,et,lt,…
32	1362	'I'	45977	0.0046	text	28	en,cs,da,de,es,fr,hu,id,it,nl,pl,pt,sv,tr,vi,ro,sr-Latn,az,fi,nb,sl,hr,sk,et,lt,…
33	1535	'O'	45372	0.0045	text	28	en,cs,da,de,es,fr,hu,id,it,nl,pl,pt,sv,tr,vi,ro,sr-Latn,az,fi,nb,sl,hr,sk,et,lt,…
34	1097	'a'	44024	0.0044	text	28	en,cs,da,de,es,fr,hu,id,it,nl,pl,pt,sv,tr,vi,ro,sr-Latn,az,fi,nb,sl,hr,sk,et,lt,…
35	2884	'ß'	42995	0.0043	text	1	de
36	1079	'O'	42305	0.0042	text	28	en,cs,da,de,es,fr,hu,id,it,nl,pl,pt,sv,tr,vi,ro,sr-Latn,az,fi,nb,sl,hr,sk,et,lt,…
37	1067	'C'	41895	0.0042	text	28	en,cs,da,de,es,fr,hu,id,it,nl,pl,pt,sv,tr,vi,ro,sr-Latn,az,fi,nb,sl,hr,sk,et,lt,…
38	1121	'y'	41003	0.0041	text	28	en,cs,da,de,es,fr,hu,id,it,nl,pl,pt,sv,tr,vi,ro,sr-Latn,az,fi,nb,sl,hr,sk,et,lt,…
39	1464	'N'	40886	0.0041	text	28	en,cs,da,de,es,fr,hu,id,it,nl,pl,pt,sv,tr,vi,ro,sr-Latn,az,fi,nb,sl,hr,sk,et,lt,…
40	10986	'Windows'	40610	0.0040	text	27	en,cs,da,de,es,fr,hu,id,it,nl,pl,pt,sv,tr,vi,ro,sr-Latn,az,fi,nb,sl,hr,sk,et,lv,…
41	39453	'Ü'	40537	0.0040	text	9	de,es,fr,hu,nl,tr,az,et,ca
42	1311	'de'	39260	0.0039	text	28	en,cs,da,de,es,fr,hu,id,it,nl,pl,pt,sv,tr,vi,ro,sr-Latn,az,fi,nb,sl,hr,sk,et,lt,…
43	1068	'D'	39062	0.0039	text	28	en,cs,da,de,es,fr,hu,id,it,nl,pl,pt,sv,tr,vi,ro,sr-Latn,az,fi,nb,sl,hr,sk,et,lt,…
44	1507	'J'	39022	0.0039	text	28	en,cs,da,de,es,fr,hu,id,it,nl,pl,pt,sv,tr,vi,ro,sr-Latn,az,fi,nb,sl,hr,sk,et,lt,…
45	1263	'on'	38767	0.0039	text	28	en,cs,da,de,es,fr,hu,id,it,nl,pl,pt,sv,tr,vi,ro,sr-Latn,az,fi,nb,sl,hr,sk,et,lt,…
46	1070	'F'	38740	0.0039	text	28	en,cs,da,de,es,fr,hu,id,it,nl,pl,pt,sv,tr,vi,ro,sr-Latn,az,fi,nb,sl,hr,sk,et,lt,…
47	1083	'S'	38163	0.0038	text	28	en,cs,da,de,es,fr,hu,id,it,nl,pl,pt,sv,tr,vi,ro,sr-Latn,az,fi,nb,sl,hr,sk,et,lt,…
48	1077	'M'	37458	0.0037	text	28	en,cs,da,de,es,fr,hu,id,it,nl,pl,pt,sv,tr,vi,ro,sr-Latn,az,fi,nb,sl,hr,sk,et,lt,…
49	1488	'W'	37196	0.0037	text	27	en,cs,da,de,es,fr,hu,id,it,nl,pl,pt,sv,tr,vi,ro,sr-Latn,az,fi,nb,sl,hr,sk,et,lv,…
50	1080	'P'	37050	0.0037	text	28	en,cs,da,de,es,fr,hu,id,it,nl,pl,pt,sv,tr,vi,ro,sr-Latn,az,fi,nb,sl,hr,sk,et,lt,…
51	1071	'G'	37043	0.0037	text	28	en,cs,da,de,es,fr,hu,id,it,nl,pl,pt,sv,tr,vi,ro,sr-Latn,az,fi,nb,sl,hr,sk,et,lt,…
52	1275	'is'	36629	0.0037	text	28	en,cs,da,de,es,fr,hu,id,it,nl,pl,pt,sv,tr,vi,ro,sr-Latn,az,fi,nb,sl,hr,sk,et,lt,…
53	15489	'ml'	35816	0.0036	text	28	en,cs,da,de,es,fr,hu,id,it,nl,pl,pt,sv,tr,vi,ro,sr-Latn,az,fi,nb,sl,hr,sk,et,lt,…
54	1258	'er'	35680	0.0036	text	28	en,cs,da,de,es,fr,hu,id,it,nl,pl,pt,sv,tr,vi,ro,sr-Latn,az,fi,nb,sl,hr,sk,et,lt,…
55	1066	'B'	35266	0.0035	text	28	en,cs,da,de,es,fr,hu,id,it,nl,pl,pt,sv,tr,vi,ro,sr-Latn,az,fi,nb,sl,hr,sk,et,lt,…
56	1671	'ü'	34870	0.0035	text	9	de,es,fr,hu,nl,tr,az,et,ca
57	13346	'Google'	34400	0.0034	text	28	en,cs,da,de,es,fr,hu,id,it,nl,pl,pt,sv,tr,vi,ro,sr-Latn,az,fi,nb,sl,hr,sk,et,lt,…
58	1086	'V'	34315	0.0034	text	28	en,cs,da,de,es,fr,hu,id,it,nl,pl,pt,sv,tr,vi,ro,sr-Latn,az,fi,nb,sl,hr,sk,et,lt,…
59	1084	'T'	33528	0.0033	text	28	en,cs,da,de,es,fr,hu,id,it,nl,pl,pt,sv,tr,vi,ro,sr-Latn,az,fi,nb,sl,hr,sk,et,lt,…
60	1271	'an'	32945	0.0033	text	28	en,cs,da,de,es,fr,hu,id,it,nl,pl,pt,sv,tr,vi,ro,sr-Latn,az,fi,nb,sl,hr,sk,et,lt,…
61	1336	'ol'	32835	0.0033	text	28	en,cs,da,de,es,fr,hu,id,it,nl,pl,pt,sv,tr,vi,ro,sr-Latn,az,fi,nb,sl,hr,sk,et,lt,…
62	1075	'K'	32616	0.0033	text	28	en,cs,da,de,es,fr,hu,id,it,nl,pl,pt,sv,tr,vi,ro,sr-Latn,az,fi,nb,sl,hr,sk,et,lt,…
63	1784	'The'	32273	0.0032	text	28	en,cs,da,de,es,fr,hu,id,it,nl,pl,pt,sv,tr,vi,ro,sr-Latn,az,fi,nb,sl,hr,sk,et,lt,…
64	14560	'Microsoft'	32240	0.0032	text	28	en,cs,da,de,es,fr,hu,id,it,nl,pl,pt,sv,tr,vi,ro,sr-Latn,az,fi,nb,sl,hr,sk,et,lt,…
65	1394	'for'	31947	0.0032	text	28	en,cs,da,de,es,fr,hu,id,it,nl,pl,pt,sv,tr,vi,ro,sr-Latn,az,fi,nb,sl,hr,sk,et,lt,…
66	1302	'ing'	31228	0.0031	text	28	en,cs,da,de,es,fr,hu,id,it,nl,pl,pt,sv,tr,vi,ro,sr-Latn,az,fi,nb,sl,hr,sk,et,lt,…
67	1120	'x'	30922	0.0031	text	27	en,cs,da,de,es,fr,hu,id,it,nl,pl,pt,sv,tr,vi,ro,sr-Latn,az,fi,nb,sl,hr,sk,et,lv,…
68	1073	'I'	30625	0.0031	text	28	en,cs,da,de,es,fr,hu,id,it,nl,pl,pt,sv,tr,vi,ro,sr-Latn,az,fi,nb,sl,hr,sk,et,lt,…
69	1374	'us'	30524	0.0030	text	28	en,cs,da,de,es,fr,hu,id,it,nl,pl,pt,sv,tr,vi,ro,sr-Latn,az,fi,nb,sl,hr,sk,et,lt,…
70	1098	'b'	30471	0.0030	text	28	en,cs,da,de,es,fr,hu,id,it,nl,pl,pt,sv,tr,vi,ro,sr-Latn,az,fi,nb,sl,hr,sk,et,lt,…
71	1623	'i'	30357	0.0030	text	28	en,cs,da,de,es,fr,hu,id,it,nl,pl,pt,sv,tr,vi,ro,sr-Latn,az,fi,nb,sl,hr,sk,et,lt,…
72	1082	'R'	29027	0.0029	text	28	en,cs,da,de,es,fr,hu,id,it,nl,pl,pt,sv,tr,vi,ro,sr-Latn,az,fi,nb,sl,hr,sk,et,lt,…
73	1076	'L'	28905	0.0029	text	28	en,cs,da,de,es,fr,hu,id,it,nl,pl,pt,sv,tr,vi,ro,sr-Latn,az,fi,nb,sl,hr,sk,et,lt,…
74	1299	'el'	28891	0.0029	text	28	en,cs,da,de,es,fr,hu,id,it,nl,pl,pt,sv,tr,vi,ro,sr-Latn,az,fi,nb,sl,hr,sk,et,lt,…
75	1279	'al'	28763	0.0029	text	28	en,cs,da,de,es,fr,hu,id,it,nl,pl,pt,sv,tr,vi,ro,sr-Latn,az,fi,nb,sl,hr,sk,et,lt,…
76	1104	'h'	28621	0.0029	text	28	en,cs,da,de,es,fr,hu,id,it,nl,pl,pt,sv,tr,vi,ro,sr-Latn,az,fi,nb,sl,hr,sk,et,lt,…
77	1485	'ia'	28408	0.0028	text	28	en,cs,da,de,es,fr,hu,id,it,nl,pl,pt,sv,tr,vi,ro,sr-Latn,az,fi,nb,sl,hr,sk,et,lt,…
78	6132	'www'	27632	0.0028	text	27	en,cs,da,de,es,fr,hu,id,it,nl,pl,pt,sv,tr,vi,ro,sr-Latn,az,fi,nb,sl,hr,sk,et,lv,…
79	1101	'e'	27534	0.0027	text	28	en,cs,da,de,es,fr,hu,id,it,nl,pl,pt,sv,tr,vi,ro,sr-Latn,az,fi,nb,sl,hr,sk,et,lt,…
80	1608	'U'	27306	0.0027	text	28	en,cs,da,de,es,fr,hu,id,it,nl,pl,pt,sv,tr,vi,ro,sr-Latn,az,fi,nb,sl,hr,sk,et,lt,…
81	1069	'E'	27120	0.0027	text	28	en,cs,da,de,es,fr,hu,id,it,nl,pl,pt,sv,tr,vi,ro,sr-Latn,az,fi,nb,sl,hr,sk,et,lt,…
82	1262	'en'	27106	0.0027	text	28	en,cs,da,de,es,fr,hu,id,it,nl,pl,pt,sv,tr,vi,ro,sr-Latn,az,fi,nb,sl,hr,sk,et,lt,…
83	1078	'N'	27044	0.0027	text	28	en,cs,da,de,es,fr,hu,id,it,nl,pl,pt,sv,tr,vi,ro,sr-Latn,az,fi,nb,sl,hr,sk,et,lt,…
84	1343	'g'	26707	0.0027	text	28	en,cs,da,de,es,fr,hu,id,it,nl,pl,pt,sv,tr,vi,ro,sr-Latn,az,fi,nb,sl,hr,sk,et,lt,…
85	1118	'v'	26643	0.0027	text	28	en,cs,da,de,es,fr,hu,id,it,nl,pl,pt,sv,tr,vi,ro,sr-Latn,az,fi,nb,sl,hr,sk,et,lt,…
86	1395	'is'	25891	0.0026	text	28	en,cs,da,de,es,fr,hu,id,it,nl,pl,pt,sv,tr,vi,ro,sr-Latn,az,fi,nb,sl,hr,sk,et,lt,…
87	6872	'cm'	25600	0.0026	text	28	en,cs,da,de,es,fr,hu,id,it,nl,pl,pt,sv,tr,vi,ro,sr-Latn,az,fi,nb,sl,hr,sk,et,lt,…
88	1264	'es'	25389	0.0025	text	28	en,cs,da,de,es,fr,hu,id,it,nl,pl,pt,sv,tr,vi,ro,sr-Latn,az,fi,nb,sl,hr,sk,et,lt,…
89	1325	'am'	25300	0.0025	text	28	en,cs,da,de,es,fr,hu,id,it,nl,pl,pt,sv,tr,vi,ro,sr-Latn,az,fi,nb,sl,hr,sk,et,lt,…
90	1346	'os'	25116	0.0025	text	28	en,cs,da,de,es,fr,hu,id,it,nl,pl,pt,sv,tr,vi,ro,sr-Latn,az,fi,nb,sl,hr,sk,et,lt,…
91	1408	'on'	25033	0.0025	text	28	en,cs,da,de,es,fr,hu,id,it,nl,pl,pt,sv,tr,vi,ro,sr-Latn,az,fi,nb,sl,hr,sk,et,lt,…
92	2163	'Z'	24995	0.0025	text	28	en,cs,da,de,es,fr,hu,id,it,nl,pl,pt,sv,tr,vi,ro,sr-Latn,az,fi,nb,sl,hr,sk,et,lt,…
93	1087	'W'	24445	0.0024	text	27	en,cs,da,de,es,fr,hu,id,it,nl,pl,pt,sv,tr,vi,ro,sr-Latn,az,fi,nb,sl,hr,sk,et,lv,…
94	9597	'mg'	23979	0.0024	text	28	en,cs,da,de,es,fr,hu,id,it,nl,pl,pt,sv,tr,vi,ro,sr-Latn,az,fi,nb,sl,hr,sk,et,lt,…
95	1109	'm'	23928	0.0024	text	28	en,cs,da,de,es,fr,hu,id,it,nl,pl,pt,sv,tr,vi,ro,sr-Latn,az,fi,nb,sl,hr,sk,et,lt,…
96	1539	'ov'	23733	0.0024	text	28	en,cs,da,de,es,fr,hu,id,it,nl,pl,pt,sv,tr,vi,ro,sr-Latn,az,fi,nb,sl,hr,sk,et,lt,…
97	1277	'ar'	23639	0.0024	text	28	en,cs,da,de,es,fr,hu,id,it,nl,pl,pt,sv,tr,vi,ro,sr-Latn,az,fi,nb,sl,hr,sk,et,lt,…
98	1386	'ie'	23521	0.0023	text	28	en,cs,da,de,es,fr,hu,id,it,nl,pl,pt,sv,tr,vi,ro,sr-Latn,az,fi,nb,sl,hr,sk,et,lt,…
99	11651	'COVID'	23514	0.0023	text	28	en,cs,da,de,es,fr,hu,id,it,nl,pl,pt,sv,tr,vi,ro,sr-Latn,az,fi,nb,sl,hr,sk,et,lt,…
100	1107	'k'	23509	0.0023	text	28	en,cs,da,de,es,fr,hu,id,it,nl,pl,pt,sv,tr,vi,ro,sr-Latn,az,fi,nb,sl,hr,sk,et,lt,…
101	1318	'il'	23424	0.0023	text	28	en,cs,da,de,es,fr,hu,id,it,nl,pl,pt,sv,tr,vi,ro,sr-Latn,az,fi,nb,sl,hr,sk,et,lt,…
102	5724	'mm'	22965	0.0023	text	28	en,cs,da,de,es,fr,hu,id,it,nl,pl,pt,sv,tr,vi,ro,sr-Latn,az,fi,nb,sl,hr,sk,et,lt,…
103	1428	'ers'	22857	0.0023	text	28	en,cs,da,de,es,fr,hu,id,it,nl,pl,pt,sv,tr,vi,ro,sr-Latn,az,fi,nb,sl,hr,sk,et,lt,…
104	1403	'um'	22842	0.0023	text	28	en,cs,da,de,es,fr,hu,id,it,nl,pl,pt,sv,tr,vi,ro,sr-Latn,az,fi,nb,sl,hr,sk,et,lt,…
105	1681	"'s"	22729	0.0023	text	28	en,cs,da,de,es,fr,hu,id,it,nl,pl,pt,sv,tr,vi,ro,sr-Latn,az,fi,nb,sl,hr,sk,et,lt,…
106	1288	'as'	22605	0.0023	text	28	en,cs,da,de,es,fr,hu,id,it,nl,pl,pt,sv,tr,vi,ro,sr-Latn,az,fi,nb,sl,hr,sk,et,lt,…
107	1122	'z'	22209	0.0022	text	28	en,cs,da,de,es,fr,hu,id,it,nl,pl,pt,sv,tr,vi,ro,sr-Latn,az,fi,nb,sl,hr,sk,et,lt,…
108	1270	'or'	22198	0.0022	text	28	en,cs,da,de,es,fr,hu,id,it,nl,pl,pt,sv,tr,vi,ro,sr-Latn,az,fi,nb,sl,hr,sk,et,lt,…
109	23080	'Facebook'	22171	0.0022	text	28	en,cs,da,de,es,fr,hu,id,it,nl,pl,pt,sv,tr,vi,ro,sr-Latn,az,fi,nb,sl,hr,sk,et,lt,…
110	1295	'l'	22138	0.0022	text	28	en,cs,da,de,es,fr,hu,id,it,nl,pl,pt,sv,tr,vi,ro,sr-Latn,az,fi,nb,sl,hr,sk,et,lt,…
111	1283	'm'	22008	0.0022	text	28	en,cs,da,de,es,fr,hu,id,it,nl,pl,pt,sv,tr,vi,ro,sr-Latn,az,fi,nb,sl,hr,sk,et,lt,…
112	1102	'f'	21966	0.0022	text	28	en,cs,da,de,es,fr,hu,id,it,nl,pl,pt,sv,tr,vi,ro,sr-Latn,az,fi,nb,sl,hr,sk,et,lt,…
113	27464	'Twitter'	21963	0.0022	text	27	en,cs,da,de,es,fr,hu,id,it,nl,pl,pt,sv,tr,vi,ro,sr-Latn,az,fi,nb,sl,hr,sk,et,lv,…
114	1085	'U'	21953	0.0022	text	28	en,cs,da,de,es,fr,hu,id,it,nl,pl,pt,sv,tr,vi,ro,sr-Latn,az,fi,nb,sl,hr,sk,et,lt,…
115	1945	'Y'	21830	0.0022	text	28	en,cs,da,de,es,fr,hu,id,it,nl,pl,pt,sv,tr,vi,ro,sr-Latn,az,fi,nb,sl,hr,sk,et,lt,…
116	1269	'at'	21480	0.0021	text	28	en,cs,da,de,es,fr,hu,id,it,nl,pl,pt,sv,tr,vi,ro,sr-Latn,az,fi,nb,sl,hr,sk,et,lt,…
117	1327	'id'	21451	0.0021	text	28	en,cs,da,de,es,fr,hu,id,it,nl,pl,pt,sv,tr,vi,ro,sr-Latn,az,fi,nb,sl,hr,sk,et,lt,…
118	2628	'X'	21348	0.0021	text	27	en,cs,da,de,es,fr,hu,id,it,nl,pl,pt,sv,tr,vi,ro,sr-Latn,az,fi,nb,sl,hr,sk,et,lv,…
119	1304	'et'	21244	0.0021	text	28	en,cs,da,de,es,fr,hu,id,it,nl,pl,pt,sv,tr,vi,ro,sr-Latn,az,fi,nb,sl,hr,sk,et,lt,…
120	2190	'’s'	21108	0.0021	text	28	en,cs,da,de,es,fr,hu,id,it,nl,pl,pt,sv,tr,vi,ro,sr-Latn,az,fi,nb,sl,hr,sk,et,lt,…
121	1110	'n'	20668	0.0021	text	28	en,cs,da,de,es,fr,hu,id,it,nl,pl,pt,sv,tr,vi,ro,sr-Latn,az,fi,nb,sl,hr,sk,et,lt,…
122	1088	'X'	20436	0.0020	text	27	en,cs,da,de,es,fr,hu,id,it,nl,pl,pt,sv,tr,vi,ro,sr-Latn,az,fi,nb,sl,hr,sk,et,lv,…
123	2703	'man'	20342	0.0020	text	28	en,cs,da,de,es,fr,hu,id,it,nl,pl,pt,sv,tr,vi,ro,sr-Latn,az,fi,nb,sl,hr,sk,et,lt,…
124	1099	'c'	20299	0.0020	text	28	en,cs,da,de,es,fr,hu,id,it,nl,pl,pt,sv,tr,vi,ro,sr-Latn,az,fi,nb,sl,hr,sk,et,lt,…
125	1103	'g'	20230	0.0020	text	28	en,cs,da,de,es,fr,hu,id,it,nl,pl,pt,sv,tr,vi,ro,sr-Latn,az,fi,nb,sl,hr,sk,et,lt,…
126	1282	'le'	20071	0.0020	text	28	en,cs,da,de,es,fr,hu,id,it,nl,pl,pt,sv,tr,vi,ro,sr-Latn,az,fi,nb,sl,hr,sk,et,lt,…
127	2179	'Al'	20055	0.0020	text	28	en,cs,da,de,es,fr,hu,id,it,nl,pl,pt,sv,tr,vi,ro,sr-Latn,az,fi,nb,sl,hr,sk,et,lt,…
128	1117	'u'	19820	0.0020	text	28	en,cs,da,de,es,fr,hu,id,it,nl,pl,pt,sv,tr,vi,ro,sr-Latn,az,fi,nb,sl,hr,sk,et,lt,…
129	3140	'New'	19745	0.0020	text	27	en,cs,da,de,es,fr,hu,id,it,nl,pl,pt,sv,tr,vi,ro,sr-Latn,az,fi,nb,sl,hr,sk,et,lv,…
130	1324	'e'	19644	0.0020	text	28	en,cs,da,de,es,fr,hu,id,it,nl,pl,pt,sv,tr,vi,ro,sr-Latn,az,fi,nb,sl,hr,sk,et,lt,…
131	3062	'ý'	19633	0.0020	text	4	cs,vi,sk,is
132	5303	'Mc'	19529	0.0019	text	28	en,cs,da,de,es,fr,hu,id,it,nl,pl,pt,sv,tr,vi,ro,sr-Latn,az,fi,nb,sl,hr,sk,et,lt,…
133	1757	'St'	19450	0.0019	text	28	en,cs,da,de,es,fr,hu,id,it,nl,pl,pt,sv,tr,vi,ro,sr-Latn,az,fi,nb,sl,hr,sk,et,lt,…
134	1281	'o'	19264	0.0019	text	28	en,cs,da,de,es,fr,hu,id,it,nl,pl,pt,sv,tr,vi,ro,sr-Latn,az,fi,nb,sl,hr,sk,et,lt,…
135	1112	'p'	19212	0.0019	text	28	en,cs,da,de,es,fr,hu,id,it,nl,pl,pt,sv,tr,vi,ro,sr-Latn,az,fi,nb,sl,hr,sk,et,lt,…
136	8525	'League'	18934	0.0019	text	28	en,cs,da,de,es,fr,hu,id,it,nl,pl,pt,sv,tr,vi,ro,sr-Latn,az,fi,nb,sl,hr,sk,et,lt,…
137	3073	'Sh'	18625	0.0019	text	28	en,cs,da,de,es,fr,hu,id,it,nl,pl,pt,sv,tr,vi,ro,sr-Latn,az,fi,nb,sl,hr,sk,et,lt,…
138	8686	'email'	18584	0.0019	text	28	en,cs,da,de,es,fr,hu,id,it,nl,pl,pt,sv,tr,vi,ro,sr-Latn,az,fi,nb,sl,hr,sk,et,lt,…
139	1290	'ic'	18443	0.0018	text	28	en,cs,da,de,es,fr,hu,id,it,nl,pl,pt,sv,tr,vi,ro,sr-Latn,az,fi,nb,sl,hr,sk,et,lt,…
140	1455	'that'	18330	0.0018	text	28	en,cs,da,de,es,fr,hu,id,it,nl,pl,pt,sv,tr,vi,ro,sr-Latn,az,fi,nb,sl,hr,sk,et,lt,…
141	1276	'it'	17925	0.0018	text	28	en,cs,da,de,es,fr,hu,id,it,nl,pl,pt,sv,tr,vi,ro,sr-Latn,az,fi,nb,sl,hr,sk,et,lt,…
142	1089	'Y'	17855	0.0018	text	28	en,cs,da,de,es,fr,hu,id,it,nl,pl,pt,sv,tr,vi,ro,sr-Latn,az,fi,nb,sl,hr,sk,et,lt,…
143	9158	'CE'	17422	0.0017	text	28	en,cs,da,de,es,fr,hu,id,it,nl,pl,pt,sv,tr,vi,ro,sr-Latn,az,fi,nb,sl,hr,sk,et,lt,…
144	3986	'John'	17410	0.0017	text	28	en,cs,da,de,es,fr,hu,id,it,nl,pl,pt,sv,tr,vi,ro,sr-Latn,az,fi,nb,sl,hr,sk,et,lt,…
145	1827	'Ch'	17315	0.0017	text	28	en,cs,da,de,es,fr,hu,id,it,nl,pl,pt,sv,tr,vi,ro,sr-Latn,az,fi,nb,sl,hr,sk,et,lt,…
146	21010	'Apple'	17290	0.0017	text	28	en,cs,da,de,es,fr,hu,id,it,nl,pl,pt,sv,tr,vi,ro,sr-Latn,az,fi,nb,sl,hr,sk,et,lt,…
147	15584	'News'	17225	0.0017	text	27	en,cs,da,de,es,fr,hu,id,it,nl,pl,pt,sv,tr,vi,ro,sr-Latn,az,fi,nb,sl,hr,sk,et,lv,…
148	3213	'You'	17099	0.0017	text	28	en,cs,da,de,es,fr,hu,id,it,nl,pl,pt,sv,tr,vi,ro,sr-Latn,az,fi,nb,sl,hr,sk,et,lt,…
149	1286	'ed'	17027	0.0017	text	28	en,cs,da,de,es,fr,hu,id,it,nl,pl,pt,sv,tr,vi,ro,sr-Latn,az,fi,nb,sl,hr,sk,et,lt,…
150	1114	'r'	16937	0.0017	text	28	en,cs,da,de,es,fr,hu,id,it,nl,pl,pt,sv,tr,vi,ro,sr-Latn,az,fi,nb,sl,hr,sk,et,lt,…
151	1116	't'	16908	0.0017	text	28	en,cs,da,de,es,fr,hu,id,it,nl,pl,pt,sv,tr,vi,ro,sr-Latn,az,fi,nb,sl,hr,sk,et,lt,…
152	1454	'with'	16602	0.0017	text	27	en,cs,da,de,es,fr,hu,id,it,nl,pl,pt,sv,tr,vi,ro,sr-Latn,az,fi,nb,sl,hr,sk,et,lv,…
153	1519	'ine'	16479	0.0016	text	28	en,cs,da,de,es,fr,hu,id,it,nl,pl,pt,sv,tr,vi,ro,sr-Latn,az,fi,nb,sl,hr,sk,et,lt,…
154	1119	'w'	16450	0.0016	text	27	en,cs,da,de,es,fr,hu,id,it,nl,pl,pt,sv,tr,vi,ro,sr-Latn,az,fi,nb,sl,hr,sk,et,lv,…
155	1413	'ac'	16416	0.0016	text	28	en,cs,da,de,es,fr,hu,id,it,nl,pl,pt,sv,tr,vi,ro,sr-Latn,az,fi,nb,sl,hr,sk,et,lt,…
156	1332	'ad'	16316	0.0016	text	28	en,cs,da,de,es,fr,hu,id,it,nl,pl,pt,sv,tr,vi,ro,sr-Latn,az,fi,nb,sl,hr,sk,et,lt,…
157	1331	'ch'	16210	0.0016	text	28	en,cs,da,de,es,fr,hu,id,it,nl,pl,pt,sv,tr,vi,ro,sr-Latn,az,fi,nb,sl,hr,sk,et,lt,…
158	1536	'by'	15902	0.0016	text	28	en,cs,da,de,es,fr,hu,id,it,nl,pl,pt,sv,tr,vi,ro,sr-Latn,az,fi,nb,sl,hr,sk,et,lt,…
159	1074	'J'	15787	0.0016	text	28	en,cs,da,de,es,fr,hu,id,it,nl,pl,pt,sv,tr,vi,ro,sr-Latn,az,fi,nb,sl,hr,sk,et,lt,…
160	1360	'ot'	15778	0.0016	text	28	en,cs,da,de,es,fr,hu,id,it,nl,pl,pt,sv,tr,vi,ro,sr-Latn,az,fi,nb,sl,hr,sk,et,lt,…
161	1100	'd'	15680	0.0016	text	28	en,cs,da,de,es,fr,hu,id,it,nl,pl,pt,sv,tr,vi,ro,sr-Latn,az,fi,nb,sl,hr,sk,et,lt,…
162	1291	'ro'	15581	0.0016	text	28	en,cs,da,de,es,fr,hu,id,it,nl,pl,pt,sv,tr,vi,ro,sr-Latn,az,fi,nb,sl,hr,sk,et,lt,…
163	1108	'l'	15569	0.0016	text	28	en,cs,da,de,es,fr,hu,id,it,nl,pl,pt,sv,tr,vi,ro,sr-Latn,az,fi,nb,sl,hr,sk,et,lt,…
164	6766	'.org'	15414	0.0015	text	28	en,cs,da,de,es,fr,hu,id,it,nl,pl,pt,sv,tr,vi,ro,sr-Latn,az,fi,nb,sl,hr,sk,et,lt,…
165	1911	'ian'	15359	0.0015	text	28	en,cs,da,de,es,fr,hu,id,it,nl,pl,pt,sv,tr,vi,ro,sr-Latn,az,fi,nb,sl,hr,sk,et,lt,…
166	7155	'https'	15105	0.0015	text	28	en,cs,da,de,es,fr,hu,id,it,nl,pl,pt,sv,tr,vi,ro,sr-Latn,az,fi,nb,sl,hr,sk,et,lt,…
167	15210	'Times'	14941	0.0015	text	28	en,cs,da,de,es,fr,hu,id,it,nl,pl,pt,sv,tr,vi,ro,sr-Latn,az,fi,nb,sl,hr,sk,et,lt,…
168	1357	'ra'	14874	0.0015	text	28	en,cs,da,de,es,fr,hu,id,it,nl,pl,pt,sv,tr,vi,ro,sr-Latn,az,fi,nb,sl,hr,sk,et,lt,…
169	1329	'im'	14592	0.0015	text	28	en,cs,da,de,es,fr,hu,id,it,nl,pl,pt,sv,tr,vi,ro,sr-Latn,az,fi,nb,sl,hr,sk,et,lt,…
170	1313	'om'	14539	0.0014	text	28	en,cs,da,de,es,fr,hu,id,it,nl,pl,pt,sv,tr,vi,ro,sr-Latn,az,fi,nb,sl,hr,sk,et,lt,…
171	1435	'as'	14490	0.0014	text	28	en,cs,da,de,es,fr,hu,id,it,nl,pl,pt,sv,tr,vi,ro,sr-Latn,az,fi,nb,sl,hr,sk,et,lt,…
172	1489	'ak'	14359	0.0014	text	28	en,cs,da,de,es,fr,hu,id,it,nl,pl,pt,sv,tr,vi,ro,sr-Latn,az,fi,nb,sl,hr,sk,et,lt,…
173	6673	'IS'	14330	0.0014	text	28	en,cs,da,de,es,fr,hu,id,it,nl,pl,pt,sv,tr,vi,ro,sr-Latn,az,fi,nb,sl,hr,sk,et,lt,…
174	1774	'one'	14214	0.0014	text	28	en,cs,da,de,es,fr,hu,id,it,nl,pl,pt,sv,tr,vi,ro,sr-Latn,az,fi,nb,sl,hr,sk,et,lt,…
175	1484	'op'	14128	0.0014	text	28	en,cs,da,de,es,fr,hu,id,it,nl,pl,pt,sv,tr,vi,ro,sr-Latn,az,fi,nb,sl,hr,sk,et,lt,…
176	1411	'th'	14058	0.0014	text	28	en,cs,da,de,es,fr,hu,id,it,nl,pl,pt,sv,tr,vi,ro,sr-Latn,az,fi,nb,sl,hr,sk,et,lt,…
177	1552	'ik'	13898	0.0014	text	28	en,cs,da,de,es,fr,hu,id,it,nl,pl,pt,sv,tr,vi,ro,sr-Latn,az,fi,nb,sl,hr,sk,et,lt,…
178	1636	'you'	13876	0.0014	text	28	en,cs,da,de,es,fr,hu,id,it,nl,pl,pt,sv,tr,vi,ro,sr-Latn,az,fi,nb,sl,hr,sk,et,lt,…
179	6924	'http'	13678	0.0014	text	28	en,cs,da,de,es,fr,hu,id,it,nl,pl,pt,sv,tr,vi,ro,sr-Latn,az,fi,nb,sl,hr,sk,et,lt,…
180	1090	'Z'	13670	0.0014	text	28	en,cs,da,de,es,fr,hu,id,it,nl,pl,pt,sv,tr,vi,ro,sr-Latn,az,fi,nb,sl,hr,sk,et,lt,…
181	57429	'Covid'	13525	0.0013	text	28	en,cs,da,de,es,fr,hu,id,it,nl,pl,pt,sv,tr,vi,ro,sr-Latn,az,fi,nb,sl,hr,sk,et,lt,…
182	130271	'Reuters'	13520	0.0013	text	28	en,cs,da,de,es,fr,hu,id,it,nl,pl,pt,sv,tr,vi,ro,sr-Latn,az,fi,nb,sl,hr,sk,et,lt,…
183	1656	'In'	13411	0.0013	text	28	en,cs,da,de,es,fr,hu,id,it,nl,pl,pt,sv,tr,vi,ro,sr-Latn,az,fi,nb,sl,hr,sk,et,lt,…
184	1274	'p'	13382	0.0013	text	28	en,cs,da,de,es,fr,hu,id,it,nl,pl,pt,sv,tr,vi,ro,sr-Latn,az,fi,nb,sl,hr,sk,et,lt,…
185	42297	'cookies'	13304	0.0013	text	28	en,cs,da,de,es,fr,hu,id,it,nl,pl,pt,sv,tr,vi,ro,sr-Latn,az,fi,nb,sl,hr,sk,et,lt,…
186	51151	'Instagram'	13235	0.0013	text	28	en,cs,da,de,es,fr,hu,id,it,nl,pl,pt,sv,tr,vi,ro,sr-Latn,az,fi,nb,sl,hr,sk,et,lt,…
187	1401	'ab'	13222	0.0013	text	28	en,cs,da,de,es,fr,hu,id,it,nl,pl,pt,sv,tr,vi,ro,sr-Latn,az,fi,nb,sl,hr,sk,et,lt,…
188	1266	'd'	13215	0.0013	text	28	en,cs,da,de,es,fr,hu,id,it,nl,pl,pt,sv,tr,vi,ro,sr-Latn,az,fi,nb,sl,hr,sk,et,lt,…
189	2491	'De'	13135	0.0013	text	28	en,cs,da,de,es,fr,hu,id,it,nl,pl,pt,sv,tr,vi,ro,sr-Latn,az,fi,nb,sl,hr,sk,et,lt,…
190	7209	'Red'	13088	0.0013	text	28	en,cs,da,de,es,fr,hu,id,it,nl,pl,pt,sv,tr,vi,ro,sr-Latn,az,fi,nb,sl,hr,sk,et,lt,…
191	1655	'io'	12939	0.0013	text	28	en,cs,da,de,es,fr,hu,id,it,nl,pl,pt,sv,tr,vi,ro,sr-Latn,az,fi,nb,sl,hr,sk,et,lt,…
192	2301	'Le'	12860	0.0013	text	28	en,cs,da,de,es,fr,hu,id,it,nl,pl,pt,sv,tr,vi,ro,sr-Latn,az,fi,nb,sl,hr,sk,et,lt,…
193	2208	'ina'	12721	0.0013	text	28	en,cs,da,de,es,fr,hu,id,it,nl,pl,pt,sv,tr,vi,ro,sr-Latn,az,fi,nb,sl,hr,sk,et,lt,…
194	1417	'ay'	12680	0.0013	text	28	en,cs,da,de,es,fr,hu,id,it,nl,pl,pt,sv,tr,vi,ro,sr-Latn,az,fi,nb,sl,hr,sk,et,lt,…
195	1393	'ag'	12674	0.0013	text	28	en,cs,da,de,es,fr,hu,id,it,nl,pl,pt,sv,tr,vi,ro,sr-Latn,az,fi,nb,sl,hr,sk,et,lt,…
196	1378	'ir'	12556	0.0013	text	28	en,cs,da,de,es,fr,hu,id,it,nl,pl,pt,sv,tr,vi,ro,sr-Latn,az,fi,nb,sl,hr,sk,et,lt,…
197	6415	'berg'	12457	0.0012	text	28	en,cs,da,de,es,fr,hu,id,it,nl,pl,pt,sv,tr,vi,ro,sr-Latn,az,fi,nb,sl,hr,sk,et,lt,…
198	19895	'BBC'	12396	0.0012	text	28	en,cs,da,de,es,fr,hu,id,it,nl,pl,pt,sv,tr,vi,ro,sr-Latn,az,fi,nb,sl,hr,sk,et,lt,…
199	1328	'ur'	12341	0.0012	text	28	en,cs,da,de,es,fr,hu,id,it,nl,pl,pt,sv,tr,vi,ro,sr-Latn,az,fi,nb,sl,hr,sk,et,lt,…
200	8225	'Mac'	12243	0.0012	text	28	en,cs,da,de,es,fr,hu,id,it,nl,pl,pt,sv,tr,vi,ro,sr-Latn,az,fi,nb,sl,hr,sk,et,lt,…
